No.,Report Title,Date,Total Sales,Revenue
02001,Sales Performance Report,2023-10-12,"$ 1,500","$ 1,400"
02002,Sales Performance Report,2023-10-12,"$ 1,500","$ 1,400"
02003,Sales Performance Report,2023-10-12,"$ 1,500","$ 1,400"
02001,Sales Performance Report,2023-10-12,"$ 1,500","$ 1,400"
02002,Sales Performance Report,2023-10-12,"$ 1,500","$ 1,400"
02003,Sales Performance Report,2023-10-12,"$ 1,500","$ 1,400"
02001,Sales Performance Report,2023-10-12,"$ 1,500","$ 1,400"
02002,Sales Performance Report,2023-10-12,"$ 1,500","$ 1,400"
02003,Sales Performance Report,2023-10-12,"$ 1,500","$ 1,400"
